<CORPORATE>
 <HEADER>
  <RT>1000</RT>
  <VN>20</VN>
  <SID>2500</SID>
  <ST>02</ST>
  <FT>02</FT>
  <GID>002</GID>
  <SGID>001</SGID>
  <SNPDT>20240514</SNPDT>
  <FCDT>20240514</FCDT>
 </HEADER>
 <LAD>
  <RT>2000</RT>
  <VN>20</VN>
  <AT>01</AT>
  <AN>2500VF01006703</AN>
  <PAN/>
  <NAH>01</NAH>
  <RSTAT/>
  <RSTAN/>
  <RSDT/>
  <AOD>20110725</AOD>
  <CC>048</CC>
  <AL>084</AL>
  <PF>02</PF>
  <PA>000000121</PA>
  <CL>000006757</CL>
  <AS>30</AS>
  <BPA>000000075</BPA>
  <BPD>20180719</BPD>
  <OB>000009377</OB>
  <OA>000009377</OA>
  <NOP>078</NOP>
  <LPA>000000014</LPA>
  <LPD>20240514</LPD>
  <ACD/>
  <LID>20150527</LID>
  <LOD/>
  <CMD/>
  <CRC/>
  <ASPS/>
  <FMPD>20110908</FMPD>
  <LMPD>20180225</LMPD>
  <PTD>20180719</PTD>
  <SEC>1</SEC>
  <NOC>01</NOC>
  <COLLATERAL>
   <RT>3000</RT>
   <VN>20</VN>
   <AT>01</AT>
   <AN>2500VF01006703</AN>
   <CN>01</CN>
   <CT>04</CT>
   <CV>000006557</CV>
   <CD>20110725</CD>
  </COLLATERAL>
  <CORPORATE>
   <RT>4000</RT>
   <VN>20</VN>
   <AT>01</AT>
   <AN>2500VF01006703</AN>
   <AHN>01</AHN>
   <RTA>01</RTA>
   <IDT>02</IDT>
   <IDN>60149-1</IDN>
   <NM>BANEEN CONSTRUCTION &amp; GENRAL TRADING</NM>
   <NT/>
  </CORPORATE>
 </LAD>
 <LAD>
  <RT>2000</RT>
  <VN>20</VN>
  <AT>01</AT>
  <AN>2500AL100004602</AN>
  <PAN/>
  <NAH>01</NAH>
  <RSTAT/>
  <RSTAN/>
  <RSDT/>
  <AOD>20170322</AOD>
  <CC>048</CC>
  <AL>060</AL>
  <PF>02</PF>
  <PA>000000151</PA>
  <CL>000007300</CL>
  <AS>20</AS>
  <BPA>000000000</BPA>
  <BPD/>
  <OB>000001640</OB>
  <OA>000001088</OA>
  <NOP>008</NOP>
  <LPA>000000050</LPA>
  <LPD>20240514</LPD>
  <ACD/>
  <LID/>
  <LOD/>
  <CMD/>
  <CRC/>
  <ASPS/>
  <FMPD>20180123</FMPD>
  <LMPD>20220522</LMPD>
  <PTD>20221020</PTD>
  <SEC>1</SEC>
  <NOC>01</NOC>
  <COLLATERAL>
   <RT>3000</RT>
   <VN>20</VN>
   <AT>01</AT>
   <AN>2500AL100004602</AN>
   <CN>01</CN>
   <CT>04</CT>
   <CV>000007000</CV>
   <CD>20170308</CD>
  </COLLATERAL>
  <CORPORATE>
   <RT>4000</RT>
   <VN>20</VN>
   <AT>01</AT>
   <AN>2500AL100004602</AN>
   <AHN>01</AHN>
   <RTA>01</RTA>
   <IDT>02</IDT>
   <IDN>80166-1</IDN>
   <NM>KNOTIKA EXHIBITION AND CONFERENCES WLL</NM>
   <NT>BH</NT>
  </CORPORATE>
 </LAD>
 <LAD>
  <RT>2000</RT>
  <VN>20</VN>
  <AT>01</AT>
  <AN>2500AL100008931</AN>
  <PAN/>
  <NAH>01</NAH>
  <RSTAT/>
  <RSTAN/>
  <RSDT/>
  <AOD>20181229</AOD>
  <CC>048</CC>
  <AL>060</AL>
  <PF>02</PF>
  <PA>000000231</PA>
  <CL>000010600</CL>
  <AS>20</AS>
  <BPA>000000000</BPA>
  <BPD/>
  <OB>000003559</OB>
  <OA>000002772</OA>
  <NOP>012</NOP>
  <LPA>000000231</LPA>
  <LPD>20240510</LPD>
  <ACD/>
  <LID/>
  <LOD/>
  <CMD/>
  <CRC/>
  <ASPS/>
  <FMPD>20210112</FMPD>
  <LMPD>20240514</LMPD>
  <PTD>20240710</PTD>
  <SEC>1</SEC>
  <NOC>01</NOC>
  <COLLATERAL>
   <RT>3000</RT>
   <VN>20</VN>
   <AT>01</AT>
   <AN>2500AL100008931</AN>
   <CN>01</CN>
   <CT>04</CT>
   <CV>000012500</CV>
   <CD>20181229</CD>
  </COLLATERAL>
  <CORPORATE>
   <RT>4000</RT>
   <VN>20</VN>
   <AT>01</AT>
   <AN>2500AL100008931</AN>
   <AHN>01</AHN>
   <RTA>01</RTA>
   <IDT>02</IDT>
   <IDN>43371-4</IDN>
   <NM>ALJOOD OFFICE PRINTING</NM>
   <NT>BH</NT>
  </CORPORATE>
 </LAD>
 <LAD>
  <RT>2000</RT>
  <VN>20</VN>
  <AT>01</AT>
  <AN>2500AL100009362</AN>
  <PAN/>
  <NAH>01</NAH>
  <RSTAT/>
  <RSTAN/>
  <RSDT/>
  <AOD>20190321</AOD>
  <CC>048</CC>
  <AL>060</AL>
  <PF>02</PF>
  <PA>000000242</PA>
  <CL>000010841</CL>
  <AS>10</AS>
  <BPA>000000000</BPA>
  <BPD/>
  <OB>000001866</OB>
  <OA>000000000</OA>
  <NOP>000</NOP>
  <LPA>000000242</LPA>
  <LPD>20240514</LPD>
  <ACD/>
  <LID/>
  <LOD/>
  <CMD/>
  <CRC/>
  <ASPS/>
  <FMPD>20200416</FMPD>
  <LMPD>20231114</LMPD>
  <PTD>20250114</PTD>
  <SEC>1</SEC>
  <NOC>01</NOC>
  <COLLATERAL>
   <RT>3000</RT>
   <VN>20</VN>
   <AT>01</AT>
   <AN>2500AL100009362</AN>
   <CN>01</CN>
   <CT>04</CT>
   <CV>000011231</CV>
   <CD>20190321</CD>
  </COLLATERAL>
  <CORPORATE>
   <RT>4000</RT>
   <VN>20</VN>
   <AT>01</AT>
   <AN>2500AL100009362</AN>
   <AHN>01</AHN>
   <RTA>01</RTA>
   <IDT>02</IDT>
   <IDN>105385-4</IDN>
   <NM>ONENESS TRANSPORTING</NM>
   <NT>BH</NT>
  </CORPORATE>
 </LAD>
 <LAD>
  <RT>2000</RT>
  <VN>20</VN>
  <AT>01</AT>
  <AN>2500AL100009752</AN>
  <PAN/>
  <NAH>01</NAH>
  <RSTAT/>
  <RSTAN/>
  <RSDT/>
  <AOD>20190523</AOD>
  <CC>048</CC>
  <AL>060</AL>
  <PF>02</PF>
  <PA>000000261</PA>
  <CL>000011708</CL>
  <AS>10</AS>
  <BPA>000000000</BPA>
  <BPD/>
  <OB>000000000</OB>
  <OA>000000000</OA>
  <NOP>000</NOP>
  <LPA>000000223</LPA>
  <LPD>20240514</LPD>
  <ACD/>
  <LID/>
  <LOD/>
  <CMD/>
  <CRC/>
  <ASPS/>
  <FMPD/>
  <LMPD/>
  <PTD>20240514</PTD>
  <SEC>1</SEC>
  <NOC>01</NOC>
  <COLLATERAL>
   <RT>3000</RT>
   <VN>20</VN>
   <AT>01</AT>
   <AN>2500AL100009752</AN>
   <CN>01</CN>
   <CT>04</CT>
   <CV>000012800</CV>
   <CD>20190521</CD>
  </COLLATERAL>
  <CORPORATE>
   <RT>4000</RT>
   <VN>20</VN>
   <AT>01</AT>
   <AN>2500AL100009752</AN>
   <AHN>01</AHN>
   <RTA>01</RTA>
   <IDT>02</IDT>
   <IDN>5394-1</IDN>
   <NM>YOUNG JIN ENTERPRISE COMPANY LIMITED</NM>
   <NT>BH</NT>
  </CORPORATE>
 </LAD>
 <LAD>
  <RT>2000</RT>
  <VN>20</VN>
  <AT>01</AT>
  <AN>2500AL100009848</AN>
  <PAN/>
  <NAH>01</NAH>
  <RSTAT/>
  <RSTAN/>
  <RSDT/>
  <AOD>20190530</AOD>
  <CC>048</CC>
  <AL>060</AL>
  <PF>02</PF>
  <PA>000000387</PA>
  <CL>000018165</CL>
  <AS>20</AS>
  <BPA>000000000</BPA>
  <BPD/>
  <OB>000003234</OB>
  <OA>000000387</OA>
  <NOP>001</NOP>
  <LPA>000000387</LPA>
  <LPD>20240510</LPD>
  <ACD/>
  <LID/>
  <LOD/>
  <CMD/>
  <CRC/>
  <ASPS/>
  <FMPD>20220515</FMPD>
  <LMPD>20240514</LMPD>
  <PTD>20241210</PTD>
  <SEC>1</SEC>
  <NOC>01</NOC>
  <COLLATERAL>
   <RT>3000</RT>
   <VN>20</VN>
   <AT>01</AT>
   <AN>2500AL100009848</AN>
   <CN>01</CN>
   <CT>04</CT>
   <CV>000020003</CV>
   <CD>20190530</CD>
  </COLLATERAL>
  <CORPORATE>
   <RT>4000</RT>
   <VN>20</VN>
   <AT>01</AT>
   <AN>2500AL100009848</AN>
   <AHN>01</AHN>
   <RTA>01</RTA>
   <IDT>02</IDT>
   <IDN>67178-8</IDN>
   <NM>SEEDAR TRADING EST</NM>
   <NT>BH</NT>
  </CORPORATE>
 </LAD>
 <LAD>
  <RT>2000</RT>
  <VN>20</VN>
  <AT>01</AT>
  <AN>2500AL100010446</AN>
  <PAN/>
  <NAH>01</NAH>
  <RSTAT/>
  <RSTAN/>
  <RSDT/>
  <AOD>20190919</AOD>
  <CC>048</CC>
  <AL>060</AL>
  <PF>02</PF>
  <PA>000000133</PA>
  <CL>000006380</CL>
  <AS>20</AS>
  <BPA>000000000</BPA>
  <BPD/>
  <OB>000001664</OB>
  <OA>000000133</OA>
  <NOP>001</NOP>
  <LPA>000000133</LPA>
  <LPD>20240505</LPD>
  <ACD/>
  <LID/>
  <LOD/>
  <CMD/>
  <CRC/>
  <ASPS/>
  <FMPD>20240206</FMPD>
  <LMPD>20240514</LMPD>
  <PTD>20250405</PTD>
  <SEC>1</SEC>
  <NOC>01</NOC>
  <COLLATERAL>
   <RT>3000</RT>
   <VN>20</VN>
   <AT>01</AT>
   <AN>2500AL100010446</AN>
   <CN>01</CN>
   <CT>04</CT>
   <CV>000006900</CV>
   <CD>20190919</CD>
  </COLLATERAL>
  <CORPORATE>
   <RT>4000</RT>
   <VN>20</VN>
   <AT>01</AT>
   <AN>2500AL100010446</AN>
   <AHN>01</AHN>
   <RTA>01</RTA>
   <IDT>02</IDT>
   <IDN>65865-1</IDN>
   <NM>V.I.P RENT CAR</NM>
   <NT>BH</NT>
  </CORPORATE>
 </LAD>
 <LAD>
  <RT>2000</RT>
  <VN>20</VN>
  <AT>01</AT>
  <AN>2500AL100010449</AN>
  <PAN/>
  <NAH>01</NAH>
  <RSTAT/>
  <RSTAN/>
  <RSDT/>
  <AOD>20190919</AOD>
  <CC>048</CC>
  <AL>060</AL>
  <PF>02</PF>
  <PA>000000133</PA>
  <CL>000006380</CL>
  <AS>20</AS>
  <BPA>000000000</BPA>
  <BPD/>
  <OB>000001664</OB>
  <OA>000000133</OA>
  <NOP>001</NOP>
  <LPA>000000133</LPA>
  <LPD>20240505</LPD>
  <ACD/>
  <LID/>
  <LOD/>
  <CMD/>
  <CRC/>
  <ASPS/>
  <FMPD>20240206</FMPD>
  <LMPD>20240514</LMPD>
  <PTD>20250405</PTD>
  <SEC>1</SEC>
  <NOC>01</NOC>
  <COLLATERAL>
   <RT>3000</RT>
   <VN>20</VN>
   <AT>01</AT>
   <AN>2500AL100010449</AN>
   <CN>01</CN>
   <CT>04</CT>
   <CV>000006900</CV>
   <CD>20190919</CD>
  </COLLATERAL>
  <CORPORATE>
   <RT>4000</RT>
   <VN>20</VN>
   <AT>01</AT>
   <AN>2500AL100010449</AN>
   <AHN>01</AHN>
   <RTA>01</RTA>
   <IDT>02</IDT>
   <IDN>65865-1</IDN>
   <NM>V.I.P RENT CAR</NM>
   <NT>BH</NT>
  </CORPORATE>
 </LAD>
 <LAD>
  <RT>2000</RT>
  <VN>20</VN>
  <AT>01</AT>
  <AN>2500AL100010442</AN>
  <PAN/>
  <NAH>01</NAH>
  <RSTAT/>
  <RSTAN/>
  <RSDT/>
  <AOD>20190919</AOD>
  <CC>048</CC>
  <AL>060</AL>
  <PF>02</PF>
  <PA>000000133</PA>
  <CL>000006380</CL>
  <AS>20</AS>
  <BPA>000000000</BPA>
  <BPD/>
  <OB>000001664</OB>
  <OA>000000133</OA>
  <NOP>001</NOP>
  <LPA>000000133</LPA>
  <LPD>20240505</LPD>
  <ACD/>
  <LID/>
  <LOD/>
  <CMD/>
  <CRC/>
  <ASPS/>
  <FMPD>20240206</FMPD>
  <LMPD>20240514</LMPD>
  <PTD>20250405</PTD>
  <SEC>1</SEC>
  <NOC>01</NOC>
  <COLLATERAL>
   <RT>3000</RT>
   <VN>20</VN>
   <AT>01</AT>
   <AN>2500AL100010442</AN>
   <CN>01</CN>
   <CT>04</CT>
   <CV>000006900</CV>
   <CD>20190919</CD>
  </COLLATERAL>
  <CORPORATE>
   <RT>4000</RT>
   <VN>20</VN>
   <AT>01</AT>
   <AN>2500AL100010442</AN>
   <AHN>01</AHN>
   <RTA>01</RTA>
   <IDT>02</IDT>
   <IDN>65865-1</IDN>
   <NM>V.I.P RENT CAR</NM>
   <NT>BH</NT>
  </CORPORATE>
 </LAD>
 <LAD>
  <RT>2000</RT>
  <VN>20</VN>
  <AT>01</AT>
  <AN>2500AL100010444</AN>
  <PAN/>
  <NAH>01</NAH>
  <RSTAT/>
  <RSTAN/>
  <RSDT/>
  <AOD>20190919</AOD>
  <CC>048</CC>
  <AL>060</AL>
  <PF>02</PF>
  <PA>000000133</PA>
  <CL>000006380</CL>
  <AS>20</AS>
  <BPA>000000000</BPA>
  <BPD/>
  <OB>000001664</OB>
  <OA>000000133</OA>
  <NOP>001</NOP>
  <LPA>000000133</LPA>
  <LPD>20240505</LPD>
  <ACD/>
  <LID/>
  <LOD/>
  <CMD/>
  <CRC/>
  <ASPS/>
  <FMPD>20240206</FMPD>
  <LMPD>20240514</LMPD>
  <PTD>20250405</PTD>
  <SEC>1</SEC>
  <NOC>01</NOC>
  <COLLATERAL>
   <RT>3000</RT>
   <VN>20</VN>
   <AT>01</AT>
   <AN>2500AL100010444</AN>
   <CN>01</CN>
   <CT>04</CT>
   <CV>000006900</CV>
   <CD>20190919</CD>
  </COLLATERAL>
  <CORPORATE>
   <RT>4000</RT>
   <VN>20</VN>
   <AT>01</AT>
   <AN>2500AL100010444</AN>
   <AHN>01</AHN>
   <RTA>01</RTA>
   <IDT>02</IDT>
   <IDN>65865-1</IDN>
   <NM>V.I.P RENT CAR</NM>
   <NT>BH</NT>
  </CORPORATE>
 </LAD>
 <LAD>
  <RT>2000</RT>
  <VN>20</VN>
  <AT>01</AT>
  <AN>2500AL100010450</AN>
  <PAN/>
  <NAH>01</NAH>
  <RSTAT/>
  <RSTAN/>
  <RSDT/>
  <AOD>20190919</AOD>
  <CC>048</CC>
  <AL>060</AL>
  <PF>02</PF>
  <PA>000000133</PA>
  <CL>000006380</CL>
  <AS>20</AS>
  <BPA>000000000</BPA>
  <BPD/>
  <OB>000001664</OB>
  <OA>000000133</OA>
  <NOP>001</NOP>
  <LPA>000000133</LPA>
  <LPD>20240505</LPD>
  <ACD/>
  <LID/>
  <LOD/>
  <CMD/>
  <CRC/>
  <ASPS/>
  <FMPD>20240206</FMPD>
  <LMPD>20240514</LMPD>
  <PTD>20250405</PTD>
  <SEC>1</SEC>
  <NOC>01</NOC>
  <COLLATERAL>
   <RT>3000</RT>
   <VN>20</VN>
   <AT>01</AT>
   <AN>2500AL100010450</AN>
   <CN>01</CN>
   <CT>04</CT>
   <CV>000006900</CV>
   <CD>20190919</CD>
  </COLLATERAL>
  <CORPORATE>
   <RT>4000</RT>
   <VN>20</VN>
   <AT>01</AT>
   <AN>2500AL100010450</AN>
   <AHN>01</AHN>
   <RTA>01</RTA>
   <IDT>02</IDT>
   <IDN>65865-1</IDN>
   <NM>V.I.P RENT CAR</NM>
   <NT>BH</NT>
  </CORPORATE>
 </LAD>
 <LAD>
  <RT>2000</RT>
  <VN>20</VN>
  <AT>01</AT>
  <AN>2500AL100010451</AN>
  <PAN/>
  <NAH>01</NAH>
  <RSTAT/>
  <RSTAN/>
  <RSDT/>
  <AOD>20190919</AOD>
  <CC>048</CC>
  <AL>060</AL>
  <PF>02</PF>
  <PA>000000251</PA>
  <CL>000011980</CL>
  <AS>20</AS>
  <BPA>000000000</BPA>
  <BPD/>
  <OB>000003029</OB>
  <OA>000000251</OA>
  <NOP>001</NOP>
  <LPA>000000251</LPA>
  <LPD>20240505</LPD>
  <ACD/>
  <LID/>
  <LOD/>
  <CMD/>
  <CRC/>
  <ASPS/>
  <FMPD>20240206</FMPD>
  <LMPD>20240514</LMPD>
  <PTD>20250405</PTD>
  <SEC>1</SEC>
  <NOC>01</NOC>
  <COLLATERAL>
   <RT>3000</RT>
   <VN>20</VN>
   <AT>01</AT>
   <AN>2500AL100010451</AN>
   <CN>01</CN>
   <CT>04</CT>
   <CV>000012900</CV>
   <CD>20190919</CD>
  </COLLATERAL>
  <CORPORATE>
   <RT>4000</RT>
   <VN>20</VN>
   <AT>01</AT>
   <AN>2500AL100010451</AN>
   <AHN>01</AHN>
   <RTA>01</RTA>
   <IDT>02</IDT>
   <IDN>65865-1</IDN>
   <NM>V.I.P RENT CAR</NM>
   <NT>BH</NT>
  </CORPORATE>
 </LAD>
 <LAD>
  <RT>2000</RT>
  <VN>20</VN>
  <AT>01</AT>
  <AN>2500AL100010440</AN>
  <PAN/>
  <NAH>01</NAH>
  <RSTAT/>
  <RSTAN/>
  <RSDT/>
  <AOD>20190919</AOD>
  <CC>048</CC>
  <AL>060</AL>
  <PF>02</PF>
  <PA>000000251</PA>
  <CL>000011980</CL>
  <AS>20</AS>
  <BPA>000000000</BPA>
  <BPD/>
  <OB>000003029</OB>
  <OA>000000251</OA>
  <NOP>001</NOP>
  <LPA>000000251</LPA>
  <LPD>20240505</LPD>
  <ACD/>
  <LID/>
  <LOD/>
  <CMD/>
  <CRC/>
  <ASPS/>
  <FMPD>20240206</FMPD>
  <LMPD>20240514</LMPD>
  <PTD>20250405</PTD>
  <SEC>1</SEC>
  <NOC>01</NOC>
  <COLLATERAL>
   <RT>3000</RT>
   <VN>20</VN>
   <AT>01</AT>
   <AN>2500AL100010440</AN>
   <CN>01</CN>
   <CT>04</CT>
   <CV>000012900</CV>
   <CD>20190919</CD>
  </COLLATERAL>
  <CORPORATE>
   <RT>4000</RT>
   <VN>20</VN>
   <AT>01</AT>
   <AN>2500AL100010440</AN>
   <AHN>01</AHN>
   <RTA>01</RTA>
   <IDT>02</IDT>
   <IDN>65865-1</IDN>
   <NM>V.I.P RENT CAR</NM>
   <NT>BH</NT>
  </CORPORATE>
 </LAD>
 <LAD>
  <RT>2000</RT>
  <VN>20</VN>
  <AT>01</AT>
  <AN>2500AL100010443</AN>
  <PAN/>
  <NAH>01</NAH>
  <RSTAT/>
  <RSTAN/>
  <RSDT/>
  <AOD>20190919</AOD>
  <CC>048</CC>
  <AL>060</AL>
  <PF>02</PF>
  <PA>000000133</PA>
  <CL>000006380</CL>
  <AS>20</AS>
  <BPA>000000000</BPA>
  <BPD/>
  <OB>000001664</OB>
  <OA>000000133</OA>
  <NOP>001</NOP>
  <LPA>000000133</LPA>
  <LPD>20240505</LPD>
  <ACD/>
  <LID/>
  <LOD/>
  <CMD/>
  <CRC/>
  <ASPS/>
  <FMPD>20240206</FMPD>
  <LMPD>20240514</LMPD>
  <PTD>20250405</PTD>
  <SEC>1</SEC>
  <NOC>01</NOC>
  <COLLATERAL>
   <RT>3000</RT>
   <VN>20</VN>
   <AT>01</AT>
   <AN>2500AL100010443</AN>
   <CN>01</CN>
   <CT>04</CT>
   <CV>000006900</CV>
   <CD>20190919</CD>
  </COLLATERAL>
  <CORPORATE>
   <RT>4000</RT>
   <VN>20</VN>
   <AT>01</AT>
   <AN>2500AL100010443</AN>
   <AHN>01</AHN>
   <RTA>01</RTA>
   <IDT>02</IDT>
   <IDN>65865-1</IDN>
   <NM>V.I.P RENT CAR</NM>
   <NT>BH</NT>
  </CORPORATE>
 </LAD>
 <LAD>
  <RT>2000</RT>
  <VN>20</VN>
  <AT>01</AT>
  <AN>2500AL100010445</AN>
  <PAN/>
  <NAH>01</NAH>
  <RSTAT/>
  <RSTAN/>
  <RSDT/>
  <AOD>20190919</AOD>
  <CC>048</CC>
  <AL>060</AL>
  <PF>02</PF>
  <PA>000000133</PA>
  <CL>000006380</CL>
  <AS>20</AS>
  <BPA>000000000</BPA>
  <BPD/>
  <OB>000001664</OB>
  <OA>000000133</OA>
  <NOP>001</NOP>
  <LPA>000000133</LPA>
  <LPD>20240505</LPD>
  <ACD/>
  <LID/>
  <LOD/>
  <CMD/>
  <CRC/>
  <ASPS/>
  <FMPD>20240206</FMPD>
  <LMPD>20240514</LMPD>
  <PTD>20250405</PTD>
  <SEC>1</SEC>
  <NOC>01</NOC>
  <COLLATERAL>
   <RT>3000</RT>
   <VN>20</VN>
   <AT>01</AT>
   <AN>2500AL100010445</AN>
   <CN>01</CN>
   <CT>04</CT>
   <CV>000006900</CV>
   <CD>20190919</CD>
  </COLLATERAL>
  <CORPORATE>
   <RT>4000</RT>
   <VN>20</VN>
   <AT>01</AT>
   <AN>2500AL100010445</AN>
   <AHN>01</AHN>
   <RTA>01</RTA>
   <IDT>02</IDT>
   <IDN>65865-1</IDN>
   <NM>V.I.P RENT CAR</NM>
   <NT>BH</NT>
  </CORPORATE>
 </LAD>
 <LAD>
  <RT>2000</RT>
  <VN>20</VN>
  <AT>01</AT>
  <AN>2500AL100010439</AN>
  <PAN/>
  <NAH>01</NAH>
  <RSTAT/>
  <RSTAN/>
  <RSDT/>
  <AOD>20190919</AOD>
  <CC>048</CC>
  <AL>060</AL>
  <PF>02</PF>
  <PA>000000133</PA>
  <CL>000006380</CL>
  <AS>20</AS>
  <BPA>000000000</BPA>
  <BPD/>
  <OB>000001664</OB>
  <OA>000000133</OA>
  <NOP>001</NOP>
  <LPA>000000133</LPA>
  <LPD>20240505</LPD>
  <ACD/>
  <LID/>
  <LOD/>
  <CMD/>
  <CRC/>
  <ASPS/>
  <FMPD>20240206</FMPD>
  <LMPD>20240514</LMPD>
  <PTD>20250405</PTD>
  <SEC>1</SEC>
  <NOC>01</NOC>
  <COLLATERAL>
   <RT>3000</RT>
   <VN>20</VN>
   <AT>01</AT>
   <AN>2500AL100010439</AN>
   <CN>01</CN>
   <CT>04</CT>
   <CV>000006900</CV>
   <CD>20190919</CD>
  </COLLATERAL>
  <CORPORATE>
   <RT>4000</RT>
   <VN>20</VN>
   <AT>01</AT>
   <AN>2500AL100010439</AN>
   <AHN>01</AHN>
   <RTA>01</RTA>
   <IDT>02</IDT>
   <IDN>65865-1</IDN>
   <NM>V.I.P RENT CAR</NM>
   <NT>BH</NT>
  </CORPORATE>
 </LAD>
 <LAD>
  <RT>2000</RT>
  <VN>20</VN>
  <AT>01</AT>
  <AN>2500AL100010649</AN>
  <PAN/>
  <NAH>01</NAH>
  <RSTAT/>
  <RSTAN/>
  <RSDT/>
  <AOD>20191113</AOD>
  <CC>048</CC>
  <AL>060</AL>
  <PF>02</PF>
  <PA>000000100</PA>
  <CL>000004815</CL>
  <AS>20</AS>
  <BPA>000000000</BPA>
  <BPD/>
  <OB>000004446</OB>
  <OA>000000290</OA>
  <NOP>003</NOP>
  <LPA>000000100</LPA>
  <LPD>20240510</LPD>
  <ACD/>
  <LID/>
  <LOD/>
  <CMD/>
  <CRC/>
  <ASPS/>
  <FMPD>20191210</FMPD>
  <LMPD>20240514</LMPD>
  <PTD>20270810</PTD>
  <SEC>1</SEC>
  <NOC>01</NOC>
  <COLLATERAL>
   <RT>3000</RT>
   <VN>20</VN>
   <AT>01</AT>
   <AN>2500AL100010649</AN>
   <CN>01</CN>
   <CT>04</CT>
   <CV>000005000</CV>
   <CD>20191113</CD>
  </COLLATERAL>
  <CORPORATE>
   <RT>4000</RT>
   <VN>20</VN>
   <AT>01</AT>
   <AN>2500AL100010649</AN>
   <AHN>01</AHN>
   <RTA>01</RTA>
   <IDT>02</IDT>
   <IDN>29997-1</IDN>
   <NM>ALSHAHAMA BUILDING CONTRACTING</NM>
   <NT>BH</NT>
  </CORPORATE>
 </LAD>
 <LAD>
  <RT>2000</RT>
  <VN>20</VN>
  <AT>01</AT>
  <AN>2500AL100010648</AN>
  <PAN/>
  <NAH>01</NAH>
  <RSTAT/>
  <RSTAN/>
  <RSDT/>
  <AOD>20191113</AOD>
  <CC>048</CC>
  <AL>060</AL>
  <PF>02</PF>
  <PA>000000110</PA>
  <CL>000005215</CL>
  <AS>20</AS>
  <BPA>000000000</BPA>
  <BPD/>
  <OB>000005189</OB>
  <OA>000000760</OA>
  <NOP>007</NOP>
  <LPA>000000110</LPA>
  <LPD>20240510</LPD>
  <ACD/>
  <LID/>
  <LOD/>
  <CMD/>
  <CRC/>
  <ASPS/>
  <FMPD>20191210</FMPD>
  <LMPD>20240514</LMPD>
  <PTD>20270810</PTD>
  <SEC>1</SEC>
  <NOC>01</NOC>
  <COLLATERAL>
   <RT>3000</RT>
   <VN>20</VN>
   <AT>01</AT>
   <AN>2500AL100010648</AN>
   <CN>01</CN>
   <CT>04</CT>
   <CV>000005900</CV>
   <CD>20191113</CD>
  </COLLATERAL>
  <CORPORATE>
   <RT>4000</RT>
   <VN>20</VN>
   <AT>01</AT>
   <AN>2500AL100010648</AN>
   <AHN>01</AHN>
   <RTA>01</RTA>
   <IDT>02</IDT>
   <IDN>29997-1</IDN>
   <NM>ALSHAHAMA BUILDING CONTRACTING</NM>
   <NT>BH</NT>
  </CORPORATE>
 </LAD>
 <LAD>
  <RT>2000</RT>
  <VN>20</VN>
  <AT>01</AT>
  <AN>2500AL100011661</AN>
  <PAN/>
  <NAH>01</NAH>
  <RSTAT/>
  <RSTAN/>
  <RSDT/>
  <AOD>20200430</AOD>
  <CC>048</CC>
  <AL>060</AL>
  <PF>02</PF>
  <PA>000000158</PA>
  <CL>000007710</CL>
  <AS>20</AS>
  <BPA>000000000</BPA>
  <BPD/>
  <OB>000002162</OB>
  <OA>000000158</OA>
  <NOP>001</NOP>
  <LPA>000000158</LPA>
  <LPD>20240505</LPD>
  <ACD/>
  <LID/>
  <LOD/>
  <CMD/>
  <CRC/>
  <ASPS/>
  <FMPD>20221005</FMPD>
  <LMPD>20240514</LMPD>
  <PTD>20250505</PTD>
  <SEC>1</SEC>
  <NOC>01</NOC>
  <COLLATERAL>
   <RT>3000</RT>
   <VN>20</VN>
   <AT>01</AT>
   <AN>2500AL100011661</AN>
   <CN>01</CN>
   <CT>04</CT>
   <CV>000008346</CV>
   <CD>20200430</CD>
  </COLLATERAL>
  <CORPORATE>
   <RT>4000</RT>
   <VN>20</VN>
   <AT>01</AT>
   <AN>2500AL100011661</AN>
   <AHN>01</AHN>
   <RTA>01</RTA>
   <IDT>02</IDT>
   <IDN>121439-1</IDN>
   <NM>THAI SEAFOOD RESTAURANT</NM>
   <NT>BH</NT>
  </CORPORATE>
 </LAD>
 <LAD>
  <RT>2000</RT>
  <VN>20</VN>
  <AT>01</AT>
  <AN>2500AL100012034</AN>
  <PAN/>
  <NAH>01</NAH>
  <RSTAT/>
  <RSTAN/>
  <RSDT/>
  <AOD>20200727</AOD>
  <CC>048</CC>
  <AL>060</AL>
  <PF>02</PF>
  <PA>000000100</PA>
  <CL>000004598</CL>
  <AS>20</AS>
  <BPA>000000000</BPA>
  <BPD/>
  <OB>000002159</OB>
  <OA>000000200</OA>
  <NOP>002</NOP>
  <LPA>000000200</LPA>
  <LPD>20240514</LPD>
  <ACD/>
  <LID/>
  <LOD/>
  <CMD/>
  <CRC/>
  <ASPS/>
  <FMPD>20201028</FMPD>
  <LMPD>20240428</LMPD>
  <PTD>20250826</PTD>
  <SEC>1</SEC>
  <NOC>01</NOC>
  <COLLATERAL>
   <RT>3000</RT>
   <VN>20</VN>
   <AT>01</AT>
   <AN>2500AL100012034</AN>
   <CN>01</CN>
   <CT>04</CT>
   <CV>000005743</CV>
   <CD>20200727</CD>
  </COLLATERAL>
  <CORPORATE>
   <RT>4000</RT>
   <VN>20</VN>
   <AT>01</AT>
   <AN>2500AL100012034</AN>
   <AHN>01</AHN>
   <RTA>01</RTA>
   <IDT>02</IDT>
   <IDN>68635-1</IDN>
   <NM>EBDAA ENGINEERING</NM>
   <NT>BH</NT>
  </CORPORATE>
 </LAD>
 <LAD>
  <RT>2000</RT>
  <VN>20</VN>
  <AT>01</AT>
  <AN>2500AL100012032</AN>
  <PAN/>
  <NAH>01</NAH>
  <RSTAT/>
  <RSTAN/>
  <RSDT/>
  <AOD>20200728</AOD>
  <CC>048</CC>
  <AL>060</AL>
  <PF>02</PF>
  <PA>000000158</PA>
  <CL>000007329</CL>
  <AS>10</AS>
  <BPA>000000000</BPA>
  <BPD/>
  <OB>000002491</OB>
  <OA>000000000</OA>
  <NOP>000</NOP>
  <LPA>000000158</LPA>
  <LPD>20240514</LPD>
  <ACD/>
  <LID/>
  <LOD/>
  <CMD/>
  <CRC/>
  <ASPS/>
  <FMPD>20201015</FMPD>
  <LMPD>20231015</LMPD>
  <PTD>20250815</PTD>
  <SEC>1</SEC>
  <NOC>01</NOC>
  <COLLATERAL>
   <RT>3000</RT>
   <VN>20</VN>
   <AT>01</AT>
   <AN>2500AL100012032</AN>
   <CN>01</CN>
   <CT>04</CT>
   <CV>000007631</CV>
   <CD>20200728</CD>
  </COLLATERAL>
  <CORPORATE>
   <RT>4000</RT>
   <VN>20</VN>
   <AT>01</AT>
   <AN>2500AL100012032</AN>
   <AHN>01</AHN>
   <RTA>01</RTA>
   <IDT>02</IDT>
   <IDN>48991-12</IDN>
   <NM>STERLONIX SAFETY AND SECURITY SYSTEMS</NM>
   <NT>BH</NT>
  </CORPORATE>
 </LAD>
 <LAD>
  <RT>2000</RT>
  <VN>20</VN>
  <AT>01</AT>
  <AN>2500AL100012431</AN>
  <PAN/>
  <NAH>01</NAH>
  <RSTAT/>
  <RSTAN/>
  <RSDT/>
  <AOD>20201203</AOD>
  <CC>048</CC>
  <AL>048</AL>
  <PF>02</PF>
  <PA>000000183</PA>
  <CL>000007305</CL>
  <AS>20</AS>
  <BPA>000000000</BPA>
  <BPD/>
  <OB>000001601</OB>
  <OA>000000183</OA>
  <NOP>001</NOP>
  <LPA>000000183</LPA>
  <LPD>20240510</LPD>
  <ACD/>
  <LID/>
  <LOD/>
  <CMD/>
  <CRC/>
  <ASPS/>
  <FMPD>20221010</FMPD>
  <LMPD>20240514</LMPD>
  <PTD>20241210</PTD>
  <SEC>1</SEC>
  <NOC>01</NOC>
  <COLLATERAL>
   <RT>3000</RT>
   <VN>20</VN>
   <AT>01</AT>
   <AN>2500AL100012431</AN>
   <CN>01</CN>
   <CT>04</CT>
   <CV>000007610</CV>
   <CD>20201203</CD>
  </COLLATERAL>
  <CORPORATE>
   <RT>4000</RT>
   <VN>20</VN>
   <AT>01</AT>
   <AN>2500AL100012431</AN>
   <AHN>01</AHN>
   <RTA>01</RTA>
   <IDT>02</IDT>
   <IDN>50234-2</IDN>
   <NM>AL SHARAFI GLASS MATERIALS EST</NM>
   <NT>BH</NT>
  </CORPORATE>
 </LAD>
 <LAD>
  <RT>2000</RT>
  <VN>20</VN>
  <AT>01</AT>
  <AN>2500AL100012699</AN>
  <PAN/>
  <NAH>01</NAH>
  <RSTAT/>
  <RSTAN/>
  <RSDT/>
  <AOD>20210214</AOD>
  <CC>048</CC>
  <AL>060</AL>
  <PF>02</PF>
  <PA>000000097</PA>
  <CL>000004651</CL>
  <AS>20</AS>
  <BPA>000000000</BPA>
  <BPD/>
  <OB>000002530</OB>
  <OA>000000388</OA>
  <NOP>004</NOP>
  <LPA>000000097</LPA>
  <LPD>20240505</LPD>
  <ACD/>
  <LID/>
  <LOD/>
  <CMD/>
  <CRC/>
  <ASPS/>
  <FMPD>20230206</FMPD>
  <LMPD>20240514</LMPD>
  <PTD>20260205</PTD>
  <SEC>1</SEC>
  <NOC>01</NOC>
  <COLLATERAL>
   <RT>3000</RT>
   <VN>20</VN>
   <AT>01</AT>
   <AN>2500AL100012699</AN>
   <CN>01</CN>
   <CT>04</CT>
   <CV>000005033</CV>
   <CD>20210214</CD>
  </COLLATERAL>
  <CORPORATE>
   <RT>4000</RT>
   <VN>20</VN>
   <AT>01</AT>
   <AN>2500AL100012699</AN>
   <AHN>01</AHN>
   <RTA>01</RTA>
   <IDT>02</IDT>
   <IDN>93327-1</IDN>
   <NM>ALDIYAR FOR ELECTRICAL ELEVATOR AND ESCALATORS</NM>
   <NT>BH</NT>
  </CORPORATE>
 </LAD>
 <LAD>
  <RT>2000</RT>
  <VN>20</VN>
  <AT>01</AT>
  <AN>2500AL100012698</AN>
  <PAN/>
  <NAH>01</NAH>
  <RSTAT/>
  <RSTAN/>
  <RSDT/>
  <AOD>20210214</AOD>
  <CC>048</CC>
  <AL>060</AL>
  <PF>02</PF>
  <PA>000000097</PA>
  <CL>000004651</CL>
  <AS>20</AS>
  <BPA>000000000</BPA>
  <BPD/>
  <OB>000002530</OB>
  <OA>000000388</OA>
  <NOP>004</NOP>
  <LPA>000000097</LPA>
  <LPD>20240505</LPD>
  <ACD/>
  <LID/>
  <LOD/>
  <CMD/>
  <CRC/>
  <ASPS/>
  <FMPD>20230206</FMPD>
  <LMPD>20240514</LMPD>
  <PTD>20260205</PTD>
  <SEC>1</SEC>
  <NOC>01</NOC>
  <COLLATERAL>
   <RT>3000</RT>
   <VN>20</VN>
   <AT>01</AT>
   <AN>2500AL100012698</AN>
   <CN>01</CN>
   <CT>04</CT>
   <CV>000005033</CV>
   <CD>20210214</CD>
  </COLLATERAL>
  <CORPORATE>
   <RT>4000</RT>
   <VN>20</VN>
   <AT>01</AT>
   <AN>2500AL100012698</AN>
   <AHN>01</AHN>
   <RTA>01</RTA>
   <IDT>02</IDT>
   <IDN>93327-1</IDN>
   <NM>ALDIYAR FOR ELECTRICAL ELEVATOR AND ESCALATORS</NM>
   <NT>BH</NT>
  </CORPORATE>
 </LAD>
 <LAD>
  <RT>2000</RT>
  <VN>20</VN>
  <AT>01</AT>
  <AN>2500AL101004827</AN>
  <PAN/>
  <NAH>01</NAH>
  <RSTAT/>
  <RSTAN/>
  <RSDT/>
  <AOD>20210304</AOD>
  <CC>048</CC>
  <AL>048</AL>
  <PF>02</PF>
  <PA>000000686</PA>
  <CL>000026761</CL>
  <AS>20</AS>
  <BPA>000000000</BPA>
  <BPD/>
  <OB>000008761</OB>
  <OA>000001372</OA>
  <NOP>002</NOP>
  <LPA>000000686</LPA>
  <LPD>20240514</LPD>
  <ACD/>
  <LID/>
  <LOD/>
  <CMD/>
  <CRC/>
  <ASPS/>
  <FMPD>20210518</FMPD>
  <LMPD>20240417</LMPD>
  <PTD>20250215</PTD>
  <SEC>1</SEC>
  <NOC>01</NOC>
  <COLLATERAL>
   <RT>3000</RT>
   <VN>20</VN>
   <AT>01</AT>
   <AN>2500AL101004827</AN>
   <CN>01</CN>
   <CT>04</CT>
   <CV>000028574</CV>
   <CD>20210304</CD>
  </COLLATERAL>
  <CORPORATE>
   <RT>4000</RT>
   <VN>20</VN>
   <AT>01</AT>
   <AN>2500AL101004827</AN>
   <AHN>01</AHN>
   <RTA>01</RTA>
   <IDT>02</IDT>
   <IDN>75027-1</IDN>
   <NM>TRANSALIGN DENTAL LABS</NM>
   <NT>BH</NT>
  </CORPORATE>
 </LAD>
 <LAD>
  <RT>2000</RT>
  <VN>20</VN>
  <AT>01</AT>
  <AN>2500AL100013368</AN>
  <PAN/>
  <NAH>01</NAH>
  <RSTAT/>
  <RSTAN/>
  <RSDT/>
  <AOD>20210817</AOD>
  <CC>048</CC>
  <AL>048</AL>
  <PF>02</PF>
  <PA>000000541</PA>
  <CL>000021008</CL>
  <AS>20</AS>
  <BPA>000000000</BPA>
  <BPD/>
  <OB>000010626</OB>
  <OA>000000541</OA>
  <NOP>001</NOP>
  <LPA>000000541</LPA>
  <LPD>20240505</LPD>
  <ACD/>
  <LID/>
  <LOD/>
  <CMD/>
  <CRC/>
  <ASPS/>
  <FMPD>20220907</FMPD>
  <LMPD>20240514</LMPD>
  <PTD>20251205</PTD>
  <SEC>1</SEC>
  <NOC>01</NOC>
  <COLLATERAL>
   <RT>3000</RT>
   <VN>20</VN>
   <AT>01</AT>
   <AN>2500AL100013368</AN>
   <CN>01</CN>
   <CT>04</CT>
   <CV>000024286</CV>
   <CD>20210817</CD>
  </COLLATERAL>
  <CORPORATE>
   <RT>4000</RT>
   <VN>20</VN>
   <AT>01</AT>
   <AN>2500AL100013368</AN>
   <AHN>01</AHN>
   <RTA>01</RTA>
   <IDT>02</IDT>
   <IDN>68400-1</IDN>
   <NM>ELEMENTS CINE PRODUCTIONS W.L.L</NM>
   <NT>BH</NT>
  </CORPORATE>
 </LAD>
 <LAD>
  <RT>2000</RT>
  <VN>20</VN>
  <AT>01</AT>
  <AN>2500AL100014060</AN>
  <PAN/>
  <NAH>01</NAH>
  <RSTAT/>
  <RSTAN/>
  <RSDT/>
  <AOD>20220127</AOD>
  <CC>048</CC>
  <AL>060</AL>
  <PF>02</PF>
  <PA>000000518</PA>
  <CL>000023385</CL>
  <AS>20</AS>
  <BPA>000000000</BPA>
  <BPD/>
  <OB>000018407</OB>
  <OA>000001036</OA>
  <NOP>002</NOP>
  <LPA>000000518</LPA>
  <LPD>20240510</LPD>
  <ACD/>
  <LID/>
  <LOD/>
  <CMD/>
  <CRC/>
  <ASPS/>
  <FMPD>20221010</FMPD>
  <LMPD>20240514</LMPD>
  <PTD>20270210</PTD>
  <SEC>1</SEC>
  <NOC>01</NOC>
  <COLLATERAL>
   <RT>3000</RT>
   <VN>20</VN>
   <AT>01</AT>
   <AN>2500AL100014060</AN>
   <CN>01</CN>
   <CT>04</CT>
   <CV>000028000</CV>
   <CD>20220120</CD>
  </COLLATERAL>
  <CORPORATE>
   <RT>4000</RT>
   <VN>20</VN>
   <AT>01</AT>
   <AN>2500AL100014060</AN>
   <AHN>01</AHN>
   <RTA>01</RTA>
   <IDT>02</IDT>
   <IDN>99690-1</IDN>
   <NM>APEX STEEL CONSTRUCTION COMPANY WLL</NM>
   <NT>BH</NT>
  </CORPORATE>
 </LAD>
 <LAD>
  <RT>2000</RT>
  <VN>20</VN>
  <AT>01</AT>
  <AN>2500AL100014272</AN>
  <PAN/>
  <NAH>01</NAH>
  <RSTAT/>
  <RSTAN/>
  <RSDT/>
  <AOD>20220317</AOD>
  <CC>048</CC>
  <AL>036</AL>
  <PF>02</PF>
  <PA>000000101</PA>
  <CL>000003165</CL>
  <AS>10</AS>
  <BPA>000000000</BPA>
  <BPD/>
  <OB>000000994</OB>
  <OA>000000000</OA>
  <NOP>000</NOP>
  <LPA>000000101</LPA>
  <LPD>20240514</LPD>
  <ACD/>
  <LID/>
  <LOD/>
  <CMD/>
  <CRC/>
  <ASPS/>
  <FMPD/>
  <LMPD/>
  <PTD>20250314</PTD>
  <SEC>1</SEC>
  <NOC>01</NOC>
  <COLLATERAL>
   <RT>3000</RT>
   <VN>20</VN>
   <AT>01</AT>
   <AN>2500AL100014272</AN>
   <CN>01</CN>
   <CT>04</CT>
   <CV>000003650</CV>
   <CD>20220309</CD>
  </COLLATERAL>
  <CORPORATE>
   <RT>4000</RT>
   <VN>20</VN>
   <AT>01</AT>
   <AN>2500AL100014272</AN>
   <AHN>01</AHN>
   <RTA>01</RTA>
   <IDT>02</IDT>
   <IDN>48076-2</IDN>
   <NM>88 RENT CAR</NM>
   <NT>BH</NT>
  </CORPORATE>
 </LAD>
 <LAD>
  <RT>2000</RT>
  <VN>20</VN>
  <AT>01</AT>
  <AN>2500AL100014863</AN>
  <PAN/>
  <NAH>01</NAH>
  <RSTAT/>
  <RSTAN/>
  <RSDT/>
  <AOD>20220719</AOD>
  <CC>048</CC>
  <AL>048</AL>
  <PF>02</PF>
  <PA>000000246</PA>
  <CL>000009525</CL>
  <AS>20</AS>
  <BPA>000000000</BPA>
  <BPD/>
  <OB>000007219</OB>
  <OA>000000392</OA>
  <NOP>002</NOP>
  <LPA>000000050</LPA>
  <LPD>20240514</LPD>
  <ACD/>
  <LID/>
  <LOD/>
  <CMD/>
  <CRC/>
  <ASPS/>
  <FMPD>20230110</FMPD>
  <LMPD>20240512</LMPD>
  <PTD>20260810</PTD>
  <SEC>1</SEC>
  <NOC>01</NOC>
  <COLLATERAL>
   <RT>3000</RT>
   <VN>20</VN>
   <AT>01</AT>
   <AN>2500AL100014863</AN>
   <CN>01</CN>
   <CT>04</CT>
   <CV>000009000</CV>
   <CD>20220719</CD>
  </COLLATERAL>
  <CORPORATE>
   <RT>4000</RT>
   <VN>20</VN>
   <AT>01</AT>
   <AN>2500AL100014863</AN>
   <AHN>01</AHN>
   <RTA>01</RTA>
   <IDT>02</IDT>
   <IDN>54147-2</IDN>
   <NM>ALRABETA NEW GARAGE</NM>
   <NT>BH</NT>
  </CORPORATE>
 </LAD>
 <LAD>
  <RT>2000</RT>
  <VN>20</VN>
  <AT>01</AT>
  <AN>2500AL100015980</AN>
  <PAN/>
  <NAH>01</NAH>
  <RSTAT/>
  <RSTAN/>
  <RSDT/>
  <AOD>20230530</AOD>
  <CC>048</CC>
  <AL>048</AL>
  <PF>02</PF>
  <PA>000000256</PA>
  <CL>000009385</CL>
  <AS>10</AS>
  <BPA>000000000</BPA>
  <BPD/>
  <OB>000009530</OB>
  <OA>000000000</OA>
  <NOP>000</NOP>
  <LPA>000000256</LPA>
  <LPD>20240514</LPD>
  <ACD/>
  <LID/>
  <LOD/>
  <CMD/>
  <CRC/>
  <ASPS/>
  <FMPD>20230716</FMPD>
  <LMPD>20231015</LMPD>
  <PTD>20270615</PTD>
  <SEC>1</SEC>
  <NOC>01</NOC>
  <COLLATERAL>
   <RT>3000</RT>
   <VN>20</VN>
   <AT>01</AT>
   <AN>2500AL100015980</AN>
   <CN>01</CN>
   <CT>04</CT>
   <CV>000010910</CV>
   <CD>20230530</CD>
  </COLLATERAL>
  <CORPORATE>
   <RT>4000</RT>
   <VN>20</VN>
   <AT>01</AT>
   <AN>2500AL100015980</AN>
   <AHN>01</AHN>
   <RTA>01</RTA>
   <IDT>02</IDT>
   <IDN>37476-2</IDN>
   <NM>DYAR PALM DATES</NM>
   <NT>BH</NT>
  </CORPORATE>
 </LAD>
 <LAD>
  <RT>2000</RT>
  <VN>20</VN>
  <AT>01</AT>
  <AN>2500AL100016376</AN>
  <PAN/>
  <NAH>01</NAH>
  <RSTAT/>
  <RSTAN/>
  <RSDT/>
  <AOD>20230924</AOD>
  <CC>048</CC>
  <AL>048</AL>
  <PF>02</PF>
  <PA>000000194</PA>
  <CL>000007319</CL>
  <AS>10</AS>
  <BPA>000000000</BPA>
  <BPD/>
  <OB>000007710</OB>
  <OA>000000000</OA>
  <NOP>000</NOP>
  <LPA>000000194</LPA>
  <LPD>20240514</LPD>
  <ACD/>
  <LID/>
  <LOD/>
  <CMD/>
  <CRC/>
  <ASPS/>
  <FMPD/>
  <LMPD/>
  <PTD>20270914</PTD>
  <SEC>1</SEC>
  <NOC>01</NOC>
  <COLLATERAL>
   <RT>3000</RT>
   <VN>20</VN>
   <AT>01</AT>
   <AN>2500AL100016376</AN>
   <CN>01</CN>
   <CT>04</CT>
   <CV>000007498</CV>
   <CD>20230924</CD>
  </COLLATERAL>
  <CORPORATE>
   <RT>4000</RT>
   <VN>20</VN>
   <AT>01</AT>
   <AN>2500AL100016376</AN>
   <AHN>01</AHN>
   <RTA>01</RTA>
   <IDT>02</IDT>
   <IDN>123953-3</IDN>
   <NM>FABTECH CONTRACTING W.L.L</NM>
   <NT>BH</NT>
  </CORPORATE>
 </LAD>
 <LAD>
  <RT>2000</RT>
  <VN>20</VN>
  <AT>01</AT>
  <AN>2500AL100016378</AN>
  <PAN/>
  <NAH>01</NAH>
  <RSTAT/>
  <RSTAN/>
  <RSDT/>
  <AOD>20231010</AOD>
  <CC>048</CC>
  <AL>060</AL>
  <PF>02</PF>
  <PA>000000112</PA>
  <CL>000005019</CL>
  <AS>10</AS>
  <BPA>000000000</BPA>
  <BPD/>
  <OB>000005958</OB>
  <OA>000000000</OA>
  <NOP>000</NOP>
  <LPA>000000112</LPA>
  <LPD>20240514</LPD>
  <ACD/>
  <LID/>
  <LOD/>
  <CMD/>
  <CRC/>
  <ASPS/>
  <FMPD>20240428</FMPD>
  <LMPD>20240428</LMPD>
  <PTD>20280928</PTD>
  <SEC>1</SEC>
  <NOC>01</NOC>
  <COLLATERAL>
   <RT>3000</RT>
   <VN>20</VN>
   <AT>01</AT>
   <AN>2500AL100016378</AN>
   <CN>01</CN>
   <CT>04</CT>
   <CV>000005466</CV>
   <CD>20231010</CD>
  </COLLATERAL>
  <CORPORATE>
   <RT>4000</RT>
   <VN>20</VN>
   <AT>01</AT>
   <AN>2500AL100016378</AN>
   <AHN>01</AHN>
   <RTA>01</RTA>
   <IDT>02</IDT>
   <IDN>73366-1</IDN>
   <NM>SHAMAL ELECTRO MECHANICAL CONTRACTING COMPANY WLL</NM>
   <NT>BH</NT>
  </CORPORATE>
 </LAD>
 <LAD>
  <RT>2000</RT>
  <VN>20</VN>
  <AT>01</AT>
  <AN>2500AL100016379</AN>
  <PAN/>
  <NAH>01</NAH>
  <RSTAT/>
  <RSTAN/>
  <RSDT/>
  <AOD>20231010</AOD>
  <CC>048</CC>
  <AL>060</AL>
  <PF>02</PF>
  <PA>000000112</PA>
  <CL>000005019</CL>
  <AS>10</AS>
  <BPA>000000000</BPA>
  <BPD/>
  <OB>000005958</OB>
  <OA>000000000</OA>
  <NOP>000</NOP>
  <LPA>000000112</LPA>
  <LPD>20240514</LPD>
  <ACD/>
  <LID/>
  <LOD/>
  <CMD/>
  <CRC/>
  <ASPS/>
  <FMPD>20240428</FMPD>
  <LMPD>20240428</LMPD>
  <PTD>20280928</PTD>
  <SEC>1</SEC>
  <NOC>01</NOC>
  <COLLATERAL>
   <RT>3000</RT>
   <VN>20</VN>
   <AT>01</AT>
   <AN>2500AL100016379</AN>
   <CN>01</CN>
   <CT>04</CT>
   <CV>000005466</CV>
   <CD>20231010</CD>
  </COLLATERAL>
  <CORPORATE>
   <RT>4000</RT>
   <VN>20</VN>
   <AT>01</AT>
   <AN>2500AL100016379</AN>
   <AHN>01</AHN>
   <RTA>01</RTA>
   <IDT>02</IDT>
   <IDN>73366-1</IDN>
   <NM>SHAMAL ELECTRO MECHANICAL CONTRACTING COMPANY WLL</NM>
   <NT>BH</NT>
  </CORPORATE>
 </LAD>
 <LAD>
  <RT>2000</RT>
  <VN>20</VN>
  <AT>01</AT>
  <AN>2500AL100016380</AN>
  <PAN/>
  <NAH>01</NAH>
  <RSTAT/>
  <RSTAN/>
  <RSDT/>
  <AOD>20231010</AOD>
  <CC>048</CC>
  <AL>060</AL>
  <PF>02</PF>
  <PA>000000112</PA>
  <CL>000005019</CL>
  <AS>10</AS>
  <BPA>000000000</BPA>
  <BPD/>
  <OB>000005958</OB>
  <OA>000000000</OA>
  <NOP>000</NOP>
  <LPA>000000112</LPA>
  <LPD>20240514</LPD>
  <ACD/>
  <LID/>
  <LOD/>
  <CMD/>
  <CRC/>
  <ASPS/>
  <FMPD>20240428</FMPD>
  <LMPD>20240428</LMPD>
  <PTD>20280928</PTD>
  <SEC>1</SEC>
  <NOC>01</NOC>
  <COLLATERAL>
   <RT>3000</RT>
   <VN>20</VN>
   <AT>01</AT>
   <AN>2500AL100016380</AN>
   <CN>01</CN>
   <CT>04</CT>
   <CV>000005466</CV>
   <CD>20231010</CD>
  </COLLATERAL>
  <CORPORATE>
   <RT>4000</RT>
   <VN>20</VN>
   <AT>01</AT>
   <AN>2500AL100016380</AN>
   <AHN>01</AHN>
   <RTA>01</RTA>
   <IDT>02</IDT>
   <IDN>73366-1</IDN>
   <NM>SHAMAL ELECTRO MECHANICAL CONTRACTING COMPANY WLL</NM>
   <NT>BH</NT>
  </CORPORATE>
 </LAD>
 <LAD>
  <RT>2000</RT>
  <VN>20</VN>
  <AT>01</AT>
  <AN>2500AL100016381</AN>
  <PAN/>
  <NAH>01</NAH>
  <RSTAT/>
  <RSTAN/>
  <RSDT/>
  <AOD>20231010</AOD>
  <CC>048</CC>
  <AL>060</AL>
  <PF>02</PF>
  <PA>000000112</PA>
  <CL>000005019</CL>
  <AS>10</AS>
  <BPA>000000000</BPA>
  <BPD/>
  <OB>000005958</OB>
  <OA>000000000</OA>
  <NOP>000</NOP>
  <LPA>000000112</LPA>
  <LPD>20240514</LPD>
  <ACD/>
  <LID/>
  <LOD/>
  <CMD/>
  <CRC/>
  <ASPS/>
  <FMPD>20240428</FMPD>
  <LMPD>20240428</LMPD>
  <PTD>20280928</PTD>
  <SEC>1</SEC>
  <NOC>01</NOC>
  <COLLATERAL>
   <RT>3000</RT>
   <VN>20</VN>
   <AT>01</AT>
   <AN>2500AL100016381</AN>
   <CN>01</CN>
   <CT>04</CT>
   <CV>000005466</CV>
   <CD>20231010</CD>
  </COLLATERAL>
  <CORPORATE>
   <RT>4000</RT>
   <VN>20</VN>
   <AT>01</AT>
   <AN>2500AL100016381</AN>
   <AHN>01</AHN>
   <RTA>01</RTA>
   <IDT>02</IDT>
   <IDN>73366-1</IDN>
   <NM>SHAMAL ELECTRO MECHANICAL CONTRACTING COMPANY WLL</NM>
   <NT>BH</NT>
  </CORPORATE>
 </LAD>
 <LAD>
  <RT>2000</RT>
  <VN>20</VN>
  <AT>01</AT>
  <AN>2500AL100016505</AN>
  <PAN/>
  <NAH>01</NAH>
  <RSTAT/>
  <RSTAN/>
  <RSDT/>
  <AOD>20231029</AOD>
  <CC>048</CC>
  <AL>060</AL>
  <PF>02</PF>
  <PA>000000169</PA>
  <CL>000007534</CL>
  <AS>10</AS>
  <BPA>000000000</BPA>
  <BPD/>
  <OB>000009100</OB>
  <OA>000000000</OA>
  <NOP>000</NOP>
  <LPA>000000169</LPA>
  <LPD>20240514</LPD>
  <ACD/>
  <LID/>
  <LOD/>
  <CMD/>
  <CRC/>
  <ASPS/>
  <FMPD>20240110</FMPD>
  <LMPD>20240110</LMPD>
  <PTD>20281105</PTD>
  <SEC>1</SEC>
  <NOC>01</NOC>
  <COLLATERAL>
   <RT>3000</RT>
   <VN>20</VN>
   <AT>01</AT>
   <AN>2500AL100016505</AN>
   <CN>01</CN>
   <CT>04</CT>
   <CV>000007085</CV>
   <CD>20231029</CD>
  </COLLATERAL>
  <CORPORATE>
   <RT>4000</RT>
   <VN>20</VN>
   <AT>01</AT>
   <AN>2500AL100016505</AN>
   <AHN>01</AHN>
   <RTA>01</RTA>
   <IDT>02</IDT>
   <IDN>62991-2</IDN>
   <NM>ASIA STAR TRADING EST</NM>
   <NT>BH</NT>
  </CORPORATE>
 </LAD>
 <LAD>
  <RT>2000</RT>
  <VN>20</VN>
  <AT>01</AT>
  <AN>2500AL100016565</AN>
  <PAN/>
  <NAH>02</NAH>
  <RSTAT/>
  <RSTAN/>
  <RSDT/>
  <AOD>20231114</AOD>
  <CC>048</CC>
  <AL>048</AL>
  <PF>02</PF>
  <PA>000000213</PA>
  <CL>000008050</CL>
  <AS>10</AS>
  <BPA>000000000</BPA>
  <BPD/>
  <OB>000008946</OB>
  <OA>000000000</OA>
  <NOP>000</NOP>
  <LPA>000000213</LPA>
  <LPD>20240514</LPD>
  <ACD/>
  <LID/>
  <LOD/>
  <CMD/>
  <CRC/>
  <ASPS/>
  <FMPD/>
  <LMPD/>
  <PTD>20271114</PTD>
  <SEC>1</SEC>
  <NOC>01</NOC>
  <COLLATERAL>
   <RT>3000</RT>
   <VN>20</VN>
   <AT>01</AT>
   <AN>2500AL100016565</AN>
   <CN>01</CN>
   <CT>04</CT>
   <CV>000007910</CV>
   <CD>20231114</CD>
  </COLLATERAL>
  <CORPORATE>
   <RT>4000</RT>
   <VN>20</VN>
   <AT>01</AT>
   <AN>2500AL100016565</AN>
   <AHN>01</AHN>
   <RTA>02</RTA>
   <IDT>01</IDT>
   <IDN>860307581</IDN>
   <NM>AHMED JUMA MOHAMED JUMA ALDOY</NM>
   <NT/>
  </CORPORATE>
  <CORPORATE>
   <RT>4000</RT>
   <VN>20</VN>
   <AT>01</AT>
   <AN>2500AL100016565</AN>
   <AHN>02</AHN>
   <RTA>01</RTA>
   <IDT>02</IDT>
   <IDN>48076-2</IDN>
   <NM>88 RENT CAR</NM>
   <NT>BH</NT>
  </CORPORATE>
 </LAD>
 <LAD>
  <RT>2000</RT>
  <VN>20</VN>
  <AT>01</AT>
  <AN>2500AL101006329</AN>
  <PAN/>
  <NAH>01</NAH>
  <RSTAT/>
  <RSTAN/>
  <RSDT/>
  <AOD>20240204</AOD>
  <CC>048</CC>
  <AL>060</AL>
  <PF>02</PF>
  <PA>000000671</PA>
  <CL>000030085</CL>
  <AS>10</AS>
  <BPA>000000000</BPA>
  <BPD/>
  <OB>000038200</OB>
  <OA>000000000</OA>
  <NOP>000</NOP>
  <LPA>000000671</LPA>
  <LPD>20240429</LPD>
  <ACD/>
  <LID/>
  <LOD/>
  <CMD/>
  <CRC/>
  <ASPS/>
  <FMPD/>
  <LMPD/>
  <PTD>20290129</PTD>
  <SEC>1</SEC>
  <NOC>01</NOC>
  <COLLATERAL>
   <RT>3000</RT>
   <VN>20</VN>
   <AT>01</AT>
   <AN>2500AL101006329</AN>
   <CN>01</CN>
   <CT>04</CT>
   <CV>000030000</CV>
   <CD>20240204</CD>
  </COLLATERAL>
  <CORPORATE>
   <RT>4000</RT>
   <VN>20</VN>
   <AT>01</AT>
   <AN>2500AL101006329</AN>
   <AHN>01</AHN>
   <RTA>01</RTA>
   <IDT>02</IDT>
   <IDN>127510-1</IDN>
   <NM>ADAM CAR RENTAL</NM>
   <NT>BH</NT>
  </CORPORATE>
 </LAD>
 <LAD>
  <RT>2000</RT>
  <VN>20</VN>
  <AT>01</AT>
  <AN>2500AL100017016</AN>
  <PAN/>
  <NAH>01</NAH>
  <RSTAT/>
  <RSTAN/>
  <RSDT/>
  <AOD>20240324</AOD>
  <CC>048</CC>
  <AL>018</AL>
  <PF>02</PF>
  <PA>000001252</PA>
  <CL>000020385</CL>
  <AS>10</AS>
  <BPA>000000000</BPA>
  <BPD/>
  <OB>000020030</OB>
  <OA>000000000</OA>
  <NOP>000</NOP>
  <LPA>000001252</LPA>
  <LPD>20240514</LPD>
  <ACD/>
  <LID/>
  <LOD/>
  <CMD/>
  <CRC/>
  <ASPS/>
  <FMPD/>
  <LMPD/>
  <PTD>20250914</PTD>
  <SEC>1</SEC>
  <NOC>01</NOC>
  <COLLATERAL>
   <RT>3000</RT>
   <VN>20</VN>
   <AT>01</AT>
   <AN>2500AL100017016</AN>
   <CN>01</CN>
   <CT>04</CT>
   <CV>000024000</CV>
   <CD>20240314</CD>
  </COLLATERAL>
  <CORPORATE>
   <RT>4000</RT>
   <VN>20</VN>
   <AT>01</AT>
   <AN>2500AL100017016</AN>
   <AHN>01</AHN>
   <RTA>01</RTA>
   <IDT>02</IDT>
   <IDN>136213-2</IDN>
   <NM>SKY GATE CARS SALE</NM>
   <NT>BH</NT>
  </CORPORATE>
 </LAD>
 <LAD>
  <RT>2000</RT>
  <VN>20</VN>
  <AT>01</AT>
  <AN>2500AL100017211</AN>
  <PAN/>
  <NAH>01</NAH>
  <RSTAT/>
  <RSTAN/>
  <RSDT/>
  <AOD>20240505</AOD>
  <CC>048</CC>
  <AL>060</AL>
  <PF>02</PF>
  <PA>000000162</PA>
  <CL>000007143</CL>
  <AS>10</AS>
  <BPA>000000000</BPA>
  <BPD/>
  <OB>000009770</OB>
  <OA>000000000</OA>
  <NOP>000</NOP>
  <LPA>000000000</LPA>
  <LPD/>
  <ACD/>
  <LID/>
  <LOD/>
  <CMD/>
  <CRC/>
  <ASPS/>
  <FMPD/>
  <LMPD/>
  <PTD>20290501</PTD>
  <SEC>1</SEC>
  <NOC>01</NOC>
  <COLLATERAL>
   <RT>3000</RT>
   <VN>20</VN>
   <AT>01</AT>
   <AN>2500AL100017211</AN>
   <CN>01</CN>
   <CT>04</CT>
   <CV>000006546</CV>
   <CD>20240505</CD>
  </COLLATERAL>
  <CORPORATE>
   <RT>4000</RT>
   <VN>20</VN>
   <AT>01</AT>
   <AN>2500AL100017211</AN>
   <AHN>01</AHN>
   <RTA>01</RTA>
   <IDT>02</IDT>
   <IDN>110028-1</IDN>
   <NM>SEVENTY SEVEN FOR SALE-TRADE OF ELEC MACH WLL</NM>
   <NT>BH</NT>
  </CORPORATE>
 </LAD>
 <TRAILER>
  <RT>9000</RT>
  <VN>20</VN>
  <SID>2500</SID>
  <TLR>000000040</TLR>
  <TCOL>000000040</TCOL>
  <THR/>
  <TCR>000000041</TCR>
 </TRAILER>
</CORPORATE>
